timestamp,time_utc_usec,lat,lon,alt,alt_ellipsoid,s_variance_m_s,c_variance_rad,eph,epv,hdop,vdop,noise_per_ms,jamming_indicator,vel_m_s,vel_n_m_s,vel_e_m_s,vel_d_m_s,cog_rad,timestamp_time_relative,heading,heading_offset,fix_type,vel_ned_valid,satellites_used
423357128,1619012038800246,-339385908,188741590,127941,159248,0.179,0.6869798,0.785,1.0780001,0.65,1.05,92,2,0.07300001,0.029000001,0.067,-0.001,5.181666,0,nan,0.0,4,1,15
423554972,1619012039000246,-339385908,188741590,127898,159205,0.19900002,0.6869876,0.78700006,1.079,0.65,1.05,92,2,0.034,-0.034,-0.006,-0.009000001,5.181666,0,nan,0.0,4,1,15
423759050,1619012039200246,-339385908,188741590,127845,159152,0.21800001,0.6869963,0.78800005,1.08,0.65,1.05,92,2,0.1,0.086,0.051000003,-0.058000002,5.181666,0,nan,0.0,4,1,15
423955028,1619012039400246,-339385907,188741592,127798,159106,0.21700001,0.6870048,0.78900003,1.0810001,0.65,1.05,92,2,0.16000001,0.055000003,0.15100001,-0.10700001,5.181666,0,nan,0.0,4,1,15
424157571,1619012039600246,-339385907,188741594,127767,159074,0.25300002,0.687015,0.79,1.082,0.65,1.05,92,2,0.108,-0.097,0.048,0.042000003,5.181666,0,nan,0.0,4,1,15
424362077,1619012039800246,-339385908,188741594,127728,159035,0.23,0.6870242,0.78900003,1.0830001,0.65,1.05,92,4,0.09200001,0.032,-0.086,-0.039,5.181666,0,nan,0.0,4,1,15
424554979,1619012040000246,-339385909,188741594,127646,158954,0.21200001,0.68703264,0.78900003,1.0830001,0.65,1.05,92,4,0.094000004,-0.017,0.09200001,0.022000002,5.181666,0,nan,0.0,4,1,15
424757971,1619012040200246,-339385909,188741595,127585,158893,0.22100002,0.6870415,0.78900003,1.0840001,0.65,1.05,92,4,0.101,0.09900001,0.017,-0.045,5.181666,0,nan,0.0,4,1,15
424950962,1619012040400246,-339385910,188741595,127528,158835,0.22700001,0.6870506,0.78800005,1.0840001,0.65,1.05,92,4,0.058000002,-0.020000001,0.055000003,-0.059000004,5.181666,0,nan,0.0,4,1,15
425154968,1619012040600246,-339385911,188741595,127497,158804,0.18200001,0.68705773,0.78800005,1.085,0.65,1.05,92,4,0.123,-0.08800001,-0.086,0.011000001,5.181666,0,nan,0.0,4,1,15
425354978,1619012040800246,-339385912,188741592,127439,158747,0.19700001,0.6870656,0.78700006,1.0860001,0.65,1.05,92,3,0.10300001,0.007,-0.102000006,0.034,5.181666,0,nan,0.0,4,1,15
425555962,1619012041000246,-339385912,188741591,127388,158696,0.238,0.6870752,0.786,1.0860001,0.65,1.05,92,3,0.011000001,-0.001,-0.011000001,-0.015000001,5.181666,0,nan,0.0,4,1,15
425754977,1619012041200246,-339385912,188741590,127343,158650,0.215,0.6870837,0.785,1.087,0.65,1.05,92,3,0.039,0.014,-0.036000002,0.025,5.181666,0,nan,0.0,4,1,15
425954967,1619012041400246,-339385912,188741590,127305,158613,0.20700002,0.68709195,0.785,1.087,0.65,1.05,92,3,0.034,0.034,0.0,0.014,5.181666,0,nan,0.0,4,1,15
426154985,1619012041600246,-339385911,188741589,127268,158575,0.24300002,0.6871017,0.78400004,1.088,0.65,1.05,92,3,0.07300001,0.064,-0.034,-0.051000003,5.181666,0,nan,0.0,4,1,15
426354964,1619012041800246,-339385910,188741589,127208,158516,0.215,0.6871103,0.78300005,1.088,0.65,1.05,92,4,0.059000004,0.059000004,0.002,-0.016,5.181666,0,nan,0.0,4,1,15
426557038,1619012042000246,-339385910,188741589,127154,158462,0.22900002,0.68711936,0.78300005,1.0890001,0.65,1.05,92,4,0.047000002,0.045,-0.012,0.056,5.181666,0,nan,0.0,4,1,15
426759962,1619012042200246,-339385908,188741588,127106,158413,0.22700001,0.6871284,0.78300005,1.09,0.65,1.05,92,4,0.147,0.13700001,-0.053000003,0.075,5.181666,0,nan,0.0,4,1,15
426958909,1619012042400246,-339385905,188741587,127051,158358,0.21100001,0.687137,0.78300005,1.09,0.65,1.05,92,4,0.20400001,0.20400001,-0.010000001,0.036000002,5.181666,0,nan,0.0,4,1,15
428757068,1619012044200246,-339385881,188741587,126467,157774,0.245,0.7456291,0.781,1.09,0.65999997,1.14,92,6,0.045,-0.045,0.002,-0.19800001,6.159797,0,nan,0.0,4,1,15
428955962,1619012044400246,-339385884,188741587,126461,157769,0.23300001,0.74564373,0.781,1.09,0.7,1.17,92,6,0.133,-0.133,-0.007,-0.37500003,6.159797,0,nan,0.0,4,1,14
429153964,1619012044600245,-339385885,188741588,126537,157844,0.24700001,0.7456624,0.781,1.0910001,0.63,1.05,92,6,0.066,-0.062000003,0.022000002,-0.50100005,6.159797,0,nan,0.0,4,1,16
429357965,1619012044800245,-339385888,188741590,126632,157939,0.22200002,0.62637055,0.78200006,1.092,0.63,1.05,92,7,0.294,-0.29000002,0.049000002,-0.47500002,1.6933748,0,nan,0.0,4,1,16
429556965,1619012045000245,-339385893,188741590,126687,157994,0.231,0.6263912,0.78300005,1.093,0.65,1.05,92,7,0.186,-0.186,0.015000001,-0.43,1.6933748,0,nan,0.0,4,1,15
429756967,1619012045200245,-339385897,188741589,126767,158075,0.23200001,0.7591517,0.785,1.095,0.65,1.05,92,7,0.30100003,-0.28500003,-0.097,-0.537,2.41257,0,nan,0.0,4,1,15
429957081,1619012045400245,-339385903,188741587,126810,158117,0.23200001,0.7591662,0.78700006,1.098,0.65,1.05,92,7,0.23700002,-0.21900001,-0.09200001,-0.324,2.41257,0,nan,0.0,4,1,15
430158006,1619012045600245,-339385907,188741584,126881,158189,0.21400002,0.56627274,0.78800005,1.097,0.65,1.05,92,7,0.393,-0.32200003,-0.224,-0.522,3.2715724,0,nan,0.0,4,1,15
430355975,1619012045800245,-339385914,188741582,126989,158296,0.23300001,0.5136762,0.78700006,1.095,0.63,1.05,92,7,0.335,-0.333,-0.036000002,-0.89400005,3.2586896,0,nan,0.0,4,1,16
430555099,1619012046000245,-339385918,188741583,127149,158456,0.25300002,0.5137326,0.786,1.0940001,0.63,1.05,92,7,0.035,-0.027,0.022000002,-1.0530001,3.2586896,0,nan,0.0,4,1,16
430758028,1619012046200245,-339385921,188741587,127319,158627,0.24800001,0.5137902,0.786,1.093,0.63,1.05,92,7,0.19700001,-0.16600001,0.106000006,-1.0630001,3.2586896,0,nan,0.0,4,1,16
430963967,1619012046400245,-339385924,188741592,127553,158860,0.23700002,0.3635327,0.786,1.092,0.63,1.05,92,7,0.441,-0.23200001,0.37500003,-1.1270001,2.5026262,0,nan,0.0,4,1,16
431158174,1619012046600245,-339385925,188741597,127827,159134,0.24700001,0.36363602,0.78700006,1.0910001,0.63,1.05,92,7,0.149,-0.094000004,0.116000004,-1.3620001,2.5026262,0,nan,0.0,4,1,16
431354969,1619012046800245,-339385926,188741599,128064,159372,0.25500003,0.36372432,0.78800005,1.0910001,0.63,1.05,92,6,0.11000001,-0.083000004,0.07300001,-1.1650001,2.5026262,0,nan,0.0,4,1,16
431554032,1619012047000245,-339385926,188741599,128272,159579,0.257,0.36377093,0.78900003,1.09,0.63,1.05,92,6,0.068,-0.064,-0.023000002,-0.614,2.5026262,0,nan,0.0,4,1,16
431755965,1619012047200245,-339385929,188741599,128323,159630,0.231,0.68353933,0.78900003,1.088,0.63,1.05,92,6,0.30600002,-0.305,0.029000001,-0.019000001,2.6223805,0,nan,0.0,4,1,16
431955977,1619012047400245,-339385934,188741602,128251,159558,0.26500002,0.6670435,0.78900003,1.085,0.63,1.05,92,6,0.215,-0.15900001,0.14400001,0.209,2.510443,0,nan,0.0,4,1,16
432159038,1619012047600245,-339385937,188741607,128192,159499,0.25,0.7340497,0.78900003,1.0810001,0.63,1.05,92,6,0.19700001,-0.149,0.12900001,0.001,2.4726841,0,nan,0.0,4,1,16
432358965,1619012047800245,-339385937,188741613,128193,159501,0.17500001,0.61826473,0.78900003,1.0780001,0.63,1.05,92,2,0.37300003,0.15900001,0.33800003,-0.19700001,1.686863,0,nan,0.0,4,1,16
432558968,1619012048000245,-339385932,188741617,128289,159596,0.24100001,0.6182996,0.78900003,1.0760001,0.63,1.05,92,2,0.27,0.264,0.060000002,-0.74200004,1.686863,0,nan,0.0,4,1,16
432755341,1619012048200245,-339385925,188741617,128452,159760,0.246,0.5858405,0.78900003,1.0730001,0.63,1.05,92,2,0.335,0.335,-0.018000001,-0.72300005,0.7696364,0,nan,0.0,4,1,16
432961437,1619012048400245,-339385917,188741616,128589,159896,0.26000002,0.38090903,0.78900003,1.07,0.63,1.05,92,2,0.47800002,0.44300002,-0.179,-0.57500005,6.2425585,0,nan,0.0,4,1,16
433154984,1619012048600245,-339385910,188741611,128694,160001,0.257,0.44179887,0.78800005,1.067,0.63,1.05,92,2,0.35900003,0.257,-0.25,-0.536,5.931035,0,nan,0.0,4,1,16
433354997,1619012048800245,-339385908,188741607,128781,160089,0.24400002,0.44183847,0.786,1.0630001,0.63,1.05,92,2,0.19000001,0.066,-0.178,-0.61,5.931035,0,nan,0.0,4,1,16
433559162,1619012049000245,-339385907,188741604,128929,160236,0.23300001,0.4418868,0.78300005,1.059,0.63,1.05,92,2,0.13000001,-0.13000001,-0.007,-0.76600003,5.931035,0,nan,0.0,4,1,16
433762997,1619012049200245,-339385909,188741605,129036,160343,0.22800002,0.44192135,0.78200006,1.057,0.63,1.05,92,2,0.120000005,-0.057000004,0.105000004,-0.545,5.931035,0,nan,0.0,4,1,16
433960151,1619012049400245,-339385909,188741606,129108,160415,0.208,0.4419343,0.781,1.052,0.63,1.05,92,2,0.080000006,-0.065000005,-0.046000004,-0.102000006,5.931035,0,nan,0.0,4,1,16
434158229,1619012049600245,-339385909,188741603,129143,160451,0.24000001,0.73934203,0.781,1.0480001,0.63,1.05,92,2,0.24000001,0.001,-0.24000001,-0.22100002,5.611469,0,nan,0.0,4,1,16
434357968,1619012049800245,-339385907,188741598,129169,160477,0.23900001,0.42805174,0.78000003,1.044,0.63,1.05,92,5,0.393,0.303,-0.24900001,-0.347,5.5989943,0,nan,0.0,4,1,16
434564012,1619012050000245,-339385901,188741591,129237,160545,0.24400002,0.28398216,0.78000003,1.0400001,0.63,1.05,92,5,0.508,0.30900002,-0.40300003,-0.40100002,5.4374456,0,nan,0.0,4,1,16
434758091,1619012050200245,-339385895,188741586,129294,160601,0.20300001,0.57647634,0.77900004,1.036,0.63,1.05,92,5,0.30400002,0.29200003,-0.08800001,-0.09,5.545628,0,nan,0.0,4,1,16
434966469,1619012050400245,-339385889,188741583,129358,160666,0.209,0.5644979,0.776,1.031,0.63,1.05,92,5,0.24300002,0.223,-0.097,-0.273,5.712207,0,nan,0.0,4,1,16
435162564,1619012050600245,-339385887,188741585,129419,160726,0.18100001,0.6406486,0.77300006,1.0250001,0.63,1.05,92,5,0.252,0.0,0.252,-0.277,0.3646518,0,nan,0.0,4,1,16
435360099,1619012050800245,-339385887,188741592,129452,160759,0.15900001,0.5345308,0.77000004,1.0200001,0.63,1.05,93,6,0.326,-0.002,0.326,-0.13800001,1.0791229,0,nan,0.0,4,1,16
435560966,1619012051000245,-339385887,188741599,129466,160774,0.23200001,0.47316518,0.768,1.0150001,0.63,1.05,93,6,0.30800003,-0.12900001,0.28,0.32200003,1.5969429,0,nan,0.0,4,1,16
435757967,1619012051200245,-339385887,188741606,129461,160769,0.21700001,0.50691605,0.767,1.011,0.63,1.05,93,6,0.275,-0.117000006,0.24900001,0.004,1.7889258,0,nan,0.0,4,1,16
435955967,1619012051400245,-339385888,188741608,129493,160800,0.22200002,0.5069281,0.767,1.008,0.63,1.05,93,6,0.071,-0.07,0.0050000004,-0.19700001,1.7889258,0,nan,0.0,4,1,16
436152999,1619012051600245,-339385888,188741608,129506,160813,0.202,0.50693905,0.767,1.006,0.63,1.05,93,6,0.134,-0.132,-0.021000002,0.15,1.7889258,0,nan,0.0,4,1,16
436356979,1619012051800245,-339385890,188741605,129465,160772,0.17400001,0.50695634,0.76400006,1.001,0.63,1.05,99,4,0.208,-0.12200001,-0.16800001,0.24300002,1.7889258,0,nan,0.0,4,1,16
436563009,1619012052000245,-339385892,188741603,129455,160763,0.171,0.5069672,0.76100004,0.99600005,0.63,1.05,99,4,0.19600001,-0.19600001,0.004,-0.032,1.7889258,0,nan,0.0,4,1,16
436758985,1619012052200245,-339385896,188741605,129476,160783,0.19900002,0.46393362,0.75900006,0.99200004,0.63,1.05,99,4,0.284,-0.25500003,0.125,-0.029000001,2.2762256,0,nan,0.0,4,1,16
436961030,1619012052400245,-339385901,188741608,129456,160764,0.22800002,0.41627795,0.757,0.98800004,0.63,1.05,99,4,0.303,-0.23600002,0.19000001,0.279,2.3802245,0,nan,0.0,4,1,16
437158965,1619012052600245,-339385904,188741611,129428,160736,0.22200002,0.7818801,0.75600004,0.9850001,0.63,1.05,99,4,0.179,-0.13900001,0.112,0.040000003,2.3986506,0,nan,0.0,4,1,16
437357342,1619012052800245,-339385904,188741611,129431,160739,0.231,0.78188825,0.75600004,0.98200005,0.63,1.05,99,5,0.066,-0.002,-0.066,-0.165,2.3986506,0,nan,0.0,4,1,16
437557966,1619012053000245,-339385904,188741609,129437,160745,0.194,0.78189504,0.75600004,0.97900003,0.63,1.05,99,5,0.13000001,0.016,-0.12900001,0.075,2.3986506,0,nan,0.0,4,1,16
437758966,1619012053200245,-339385903,188741605,129415,160722,0.19500001,0.6593269,0.75500005,0.975,0.63,1.05,99,5,0.23200001,0.036000002,-0.22900002,0.291,3.8414812,0,nan,0.0,4,1,16
437958979,1619012053400245,-339385902,188741601,129356,160663,0.224,0.6593367,0.754,0.97200006,0.63,1.04,99,5,0.19500001,0.040000003,-0.19100001,0.12900001,3.8414812,0,nan,0.0,4,1,16
438158971,1619012053600245,-339385904,188741604,129332,160639,0.21800001,0.6593463,0.753,0.96800005,0.63,1.04,99,5,0.165,-0.097,0.133,-0.164,3.8414812,0,nan,0.0,4,1,16
438357968,1619012053800245,-339385906,188741607,129330,160637,0.24800001,0.65935653,0.753,0.96500003,0.63,1.04,99,3,0.15,-0.09900001,0.112,0.18800001,3.8414812,0,nan,0.0,4,1,16
438560344,1619012054000245,-339385907,188741611,129281,160588,0.238,0.6802751,0.753,0.9620001,0.63,1.04,99,3,0.20700002,-0.085,0.18900001,0.263,2.947326,0,nan,0.0,4,1,16
438750968,1619012054200245,-339385907,188741612,129274,160581,0.23600002,0.6802847,0.753,0.96000004,0.63,1.04,99,3,0.052,0.023000002,-0.046000004,-0.143,2.947326,0,nan,0.0,4,1,16
438954967,1619012054400245,-339385906,188741610,129321,160629,0.245,0.6472721,0.753,0.957,0.63,1.04,99,3,0.23300001,0.09,-0.21400002,-0.19800001,4.083164,0,nan,0.0,4,1,16
439153856,1619012054600245,-339385903,188741605,129320,160628,0.20600002,0.60568404,0.753,0.95500004,0.63,1.04,99,3,0.23300001,0.123,-0.19900002,0.27600002,4.7138247,0,nan,0.0,4,1,16
439358376,1619012054800245,-339385902,188741602,129240,160547,0.201,0.52547306,0.75200003,0.952,0.65999997,1.0699999,99,2,0.307,0.053000003,-0.30200002,0.208,4.8127656,0,nan,0.0,4,1,15
439558478,1619012055000245,-339385901,188741597,129224,160532,0.185,0.52548265,0.75100005,0.94900006,0.63,1.04,99,2,0.049000002,-0.012,-0.047000002,0.062000003,4.8127656,0,nan,0.0,4,1,16
439758966,1619012055200245,-339385900,188741596,129237,160544,0.21800001,0.52549416,0.749,0.94600004,0.63,1.04,99,2,0.071,-0.006,0.07,0.104,4.8127656,0,nan,0.0,4,1,16
439957971,1619012055400245,-339385900,188741598,129204,160511,0.22500001,0.74839336,0.74700004,0.943,0.63,1.04,99,2,0.17400001,-0.11800001,0.127,0.29900002,3.9885046,0,nan,0.0,4,1,16
440157075,1619012055600245,-339385900,188741599,129177,160485,0.21100001,0.748401,0.74600005,0.94100004,0.63,1.04,99,2,0.044000003,0.030000001,-0.032,0.091000006,3.9885046,0,nan,0.0,4,1,16
440357090,1619012055800245,-339385899,188741597,129191,160499,0.24000001,0.74840975,0.74600005,0.94000006,0.63,1.04,99,2,0.036000002,0.019000001,-0.030000001,-0.05,3.9885046,0,nan,0.0,4,1,16
440557964,1619012056000245,-339385897,188741595,129184,160492,0.21300001,0.74841934,0.74700004,0.93900007,0.63,1.04,99,2,0.142,0.09200001,-0.108,0.22200002,3.9885046,0,nan,0.0,4,1,16
440759030,1619012056200244,-339385894,188741589,129161,160469,0.18300001,0.4981735,0.74500006,0.93700004,0.63,1.04,99,2,0.31100002,0.056,-0.30600002,0.289,4.6159315,0,nan,0.0,4,1,16
440962976,1619012056400244,-339385893,188741583,129146,160454,0.19100001,0.49818468,0.74300003,0.934,0.63,1.04,99,2,0.123,-0.004,-0.123,0.164,4.6159315,0,nan,0.0,4,1,16
441162965,1619012056600244,-339385894,188741581,129148,160456,0.16800001,0.49819565,0.74100006,0.93200004,0.63,1.04,99,2,0.186,-0.179,-0.052,-0.071,4.6159315,0,nan,0.0,4,1,16
441361047,1619012056800244,-339385897,188741581,129155,160462,0.209,0.49820718,0.74,0.93000007,0.63,1.04,98,2,0.18200001,-0.177,0.043,0.015000001,4.6159315,0,nan,0.0,4,1,16
441550991,1619012057000244,-339385900,188741583,129186,160494,0.22100002,0.72222406,0.74100006,0.929,0.63,1.04,98,2,0.20300001,-0.155,0.13000001,-0.12100001,3.9157662,0,nan,0.0,4,1,16
441756964,1619012057200244,-339385901,188741586,129209,160516,0.19800001,0.72223157,0.74100006,0.92800003,0.63,1.04,98,2,0.101,0.022000002,0.09900001,-0.133,3.9157662,0,nan,0.0,4,1,16
441956972,1619012057400244,-339385901,188741588,129199,160506,0.24900001,0.7222409,0.74200004,0.92700005,0.63,1.04,98,2,0.16100001,-0.062000003,0.148,0.156,3.9157662,0,nan,0.0,4,1,16
442156986,1619012057600244,-339385899,188741589,129160,160468,0.23600002,0.72225684,0.74100006,0.9250001,0.63,1.04,98,2,0.116000004,-0.031000001,0.112,0.40300003,3.9157662,0,nan,0.0,4,1,16
442356968,1619012057800244,-339385901,188741591,129103,160410,0.22100002,0.7222665,0.74,0.924,0.65999997,1.0699999,98,2,0.18,-0.165,0.072000004,0.17500001,3.9157662,0,nan,0.0,4,1,15
442556967,1619012058000244,-339385906,188741597,129053,160361,0.24100001,0.31277102,0.739,0.92200005,0.65999997,1.0699999,98,2,0.448,-0.333,0.3,0.035,2.645993,0,nan,0.0,4,1,15
442757007,1619012058200244,-339385911,188741602,129042,160350,0.254,0.4028768,0.739,0.92200005,0.63,1.04,98,2,0.388,-0.32000002,0.21900001,0.223,2.6062758,0,nan,0.0,4,1,16
442952966,1619012058400244,-339385916,188741605,128997,160304,0.273,0.7040876,0.74100006,0.92200005,0.63,1.04,98,2,0.26000002,-0.22000001,0.13800001,0.1,2.6002758,0,nan,0.0,4,1,16
443157099,1619012058600244,-339385917,188741607,129010,160317,0.231,0.70409656,0.74300003,0.92200005,0.63,1.04,98,2,0.040000003,0.018000001,0.036000002,-0.19600001,2.6002758,0,nan,0.0,4,1,16
443357129,1619012058800244,-339385916,188741607,129036,160343,0.208,0.7041047,0.74500006,0.92300004,0.63,1.04,98,3,0.112,0.11100001,0.013,0.036000002,2.6002758,0,nan,0.0,4,1,16
443560189,1619012059000244,-339385913,188741606,129013,160320,0.22700001,0.7041194,0.74700004,0.92300004,0.63,1.04,98,3,0.171,0.162,-0.054,0.33900002,2.6002758,0,nan,0.0,4,1,16
443757965,1619012059200244,-339385913,188741609,128935,160243,0.19600001,0.7041271,0.74600005,0.92200005,0.63,1.04,98,3,0.109000005,0.09900001,-0.045,0.015000001,2.6002758,0,nan,0.0,4,1,16
443960276,1619012059400244,-339385915,188741614,128898,160206,0.19900002,0.70413613,0.744,0.92,0.63,1.04,98,3,0.142,0.007,0.142,-0.186,2.6002758,0,nan,0.0,4,1,16
444160974,1619012059600244,-339385915,188741618,128902,160209,0.24000001,0.70414555,0.744,0.92,0.63,1.04,98,3,0.15100001,-0.041,0.14500001,0.13900001,2.6002758,0,nan,0.0,4,1,16
444353965,1619012059800244,-339385916,188741623,128864,160171,0.22500001,0.7361828,0.744,0.92,0.63,1.04,98,3,0.272,0.014,0.272,0.113000005,2.0833623,0,nan,0.0,4,1,16
444558076,1619012060000244,-339385914,188741625,128866,160174,0.2,0.7361903,0.74600005,0.92,0.63,1.04,98,3,0.09,0.074,0.05,-0.08800001,2.0833623,0,nan,0.0,4,1,16
444761968,1619012060200244,-339385912,188741625,128869,160176,0.22600001,0.7361989,0.748,0.92,0.63,1.04,98,3,0.035,0.029000001,0.020000001,0.07300001,2.0833623,0,nan,0.0,4,1,16
444956968,1619012060400244,-339385910,188741624,128861,160169,0.23600002,0.7362097,0.75000006,0.92,0.63,1.04,98,3,0.069000006,0.041,-0.055000003,0.282,2.0833623,0,nan,0.0,4,1,16
445158977,1619012060600244,-339385910,188741620,128843,160151,0.17600001,0.73622054,0.75000006,0.91800004,0.63,1.04,98,3,0.252,-0.069000006,-0.24200001,0.14600001,2.0833623,0,nan,0.0,4,1,16
445358111,1619012060800244,-339385912,188741617,128856,160164,0.171,0.7362287,0.748,0.91700006,0.63,1.04,98,3,0.202,-0.194,-0.055000003,-0.09,2.0833623,0,nan,0.0,4,1,16
445958088,1619012061400244,-339385921,188741614,128824,160131,0.21900001,0.6639365,0.74600005,0.91600007,0.63,1.04,98,3,0.305,0.001,-0.305,0.020000001,3.7148159,0,nan,0.0,4,1,16
446157971,1619012061600244,-339385919,188741604,128855,160163,0.25100002,0.2837537,0.74700004,0.91600007,0.63,1.04,98,3,0.597,0.157,-0.57600003,-0.20300001,4.782716,0,nan,0.0,4,1,16
446357970,1619012061800244,-339385916,188741592,128874,160182,0.24400002,0.27068642,0.749,0.91700006,0.63,1.04,98,3,0.638,0.19000001,-0.609,-0.009000001,4.904407,0,nan,0.0,4,1,16
446557383,1619012062000244,-339385913,188741580,128836,160143,0.178,0.2395747,0.748,0.91600007,0.63,1.04,98,3,0.67300004,0.231,-0.632,0.19500001,4.9928694,0,nan,0.0,4,1,16
446757645,1619012062200244,-339385909,188741569,128810,160117,0.18200001,0.32782343,0.74600005,0.91400003,0.63,1.04,98,3,0.45700002,0.209,-0.40600002,0.082,5.060448,0,nan,0.0,4,1,16
446960974,1619012062400244,-339385906,188741566,128829,160136,0.20500001,0.32784054,0.744,0.91300005,0.65999997,1.0699999,98,3,0.057000004,0.028,0.05,-0.09900001,5.060448,0,nan,0.0,4,1,15
447153966,1619012062600244,-339385905,188741569,128829,160136,0.17500001,0.3278566,0.74200004,0.91200006,0.63,1.04,98,3,0.17400001,0.036000002,0.171,0.078,5.060448,0,nan,0.0,4,1,16
447358968,1619012062800244,-339385905,188741574,128793,160101,0.208,0.5464952,0.74200004,0.9110001,0.63,1.04,98,2,0.33800003,-0.018000001,0.337,0.08800001,5.814303,0,nan,0.0,4,1,16
447559018,1619012063000244,-339385905,188741581,128809,160117,0.201,0.60522133,0.74300003,0.91200006,0.63,1.04,98,2,0.31300002,0.0,0.31300002,-0.23700002,0.44760293,0,nan,0.0,4,1,16
447759044,1619012063200244,-339385905,188741585,128873,160180,0.20500001,0.605232,0.744,0.91200006,0.63,1.04,98,2,0.148,-0.001,0.148,-0.186,0.44760293,0,nan,0.0,4,1,16
447959156,1619012063400244,-339385905,188741589,128891,160199,0.23200001,0.60524267,0.744,0.91200006,0.63,1.04,98,2,0.16900001,-0.022000002,0.16700001,0.09200001,0.44760293,0,nan,0.0,4,1,16
448156019,1619012063600244,-339385906,188741592,128873,160180,0.21400002,0.60525227,0.74300003,0.9110001,0.63,1.04,98,2,0.164,-0.133,0.095000006,0.091000006,0.44760293,0,nan,0.0,4,1,16
448358194,1619012063800244,-339385910,188741595,128873,160180,0.18200001,0.6729054,0.74100006,0.91,0.63,1.04,98,2,0.21200001,-0.17,0.127,-0.112,1.365789,0,nan,0.0,4,1,16
448555983,1619012064000244,-339385913,188741598,128911,160219,0.18200001,0.5198215,0.739,0.90800005,0.63,1.04,98,2,0.246,-0.21100001,0.127,-0.120000005,2.1395588,0,nan,0.0,4,1,16
448758086,1619012064200244,-339385916,188741601,128912,160219,0.22600001,0.53075075,0.73800004,0.906,0.63,1.04,98,2,0.27100003,-0.231,0.141,0.026,2.3611655,0,nan,0.0,4,1,16
448956028,1619012064400244,-339385918,188741602,128936,160243,0.22000001,0.5307623,0.739,0.906,0.63,1.04,98,2,0.054,-0.002,0.054,-0.216,2.3611655,0,nan,0.0,4,1,16
449153968,1619012064600244,-339385916,188741602,128981,160288,0.24400002,0.5307785,0.74100006,0.90700006,0.63,1.04,98,2,0.24100001,0.23200001,-0.068,-0.20300001,2.3611655,0,nan,0.0,4,1,16
449353968,1619012064800244,-339385911,188741599,129035,160342,0.25,0.678366,0.74300003,0.906,0.63,1.04,98,3,0.26200002,0.23300001,-0.120000005,-0.11800001,1.2839051,0,nan,0.0,4,1,16
449556968,1619012065000244,-339385907,188741595,129022,160330,0.21900001,0.43981948,0.74300003,0.90500003,0.63,1.04,98,3,0.32500002,0.19100001,-0.263,0.21000001,5.9990015,0,nan,0.0,4,1,16
449755003,1619012065200244,-339385905,188741592,129009,160317,0.202,0.4398322,0.74200004,0.90300006,0.63,1.04,98,3,0.11100001,0.057000004,-0.096,-0.034,5.9990015,0,nan,0.0,4,1,16
449951972,1619012065400244,-339385904,188741590,129048,160355,0.22100002,0.4398458,0.74,0.901,0.63,1.04,98,3,0.021000002,-0.021000002,0.002,-0.21300001,5.9990015,0,nan,0.0,4,1,16
450159656,1619012065600244,-339385905,188741592,129054,160361,0.21200001,0.4398591,0.73800004,0.89900005,0.63,1.04,98,3,0.045,-0.039,0.022000002,0.042000003,5.9990015,0,nan,0.0,4,1,16
450356975,1619012065800244,-339385905,188741593,129073,160380,0.20500001,0.43987182,0.73800004,0.89800006,0.63,1.04,98,2,0.052,0.008,0.051000003,-0.128,5.9990015,0,nan,0.0,4,1,16
450558808,1619012066000244,-339385902,188741591,129163,160470,0.23500001,0.50237817,0.739,0.89800006,0.63,1.04,98,2,0.395,0.363,-0.156,-0.69100004,5.946243,0,nan,0.0,4,1,16
450754422,1619012066200244,-339385896,188741590,129309,160616,0.22200002,0.5024267,0.74100006,0.897,0.65999997,1.0699999,98,2,0.277,0.27600002,-0.014,-0.845,5.946243,0,nan,0.0,4,1,15
450957025,1619012066400244,-339385890,188741586,129490,160797,0.22600001,0.36380166,0.74,0.896,0.65999997,1.0699999,98,2,0.36400002,0.25,-0.26500002,-0.64500004,5.6338105,0,nan,0.0,4,1,15
451163424,1619012066600244,-339385888,188741581,129638,160945,0.223,0.36385417,0.73800004,0.89400005,0.63,1.04,98,2,0.149,-0.149,0.0,-0.68100005,5.6338105,0,nan,0.0,4,1,16
451359070,1619012066800244,-339385891,188741584,129782,161090,0.20600002,0.37654555,0.73600006,0.892,0.63,1.04,98,2,0.333,-0.26000002,0.208,-0.67700005,0.85547364,0,nan,0.0,4,1,16
451558007,1619012067000244,-339385896,188741586,129916,161224,0.21300001,0.48893076,0.734,0.89000005,0.63,1.04,98,2,0.298,-0.28100002,0.102000006,-0.50600004,1.577326,0,nan,0.0,4,1,16
451757023,1619012067200244,-339385901,188741589,130029,161336,0.21300001,0.3622331,0.734,0.88900006,0.63,1.04,98,2,0.44200003,-0.41000003,0.165,-0.48100004,2.340778,0,nan,0.0,4,1,16
451955970,1619012067400243,-339385905,188741592,130123,161430,0.21800001,0.36227065,0.734,0.8880001,0.63,1.04,98,2,0.105000004,-0.062000003,0.08400001,-0.483,2.340778,0,nan,0.0,4,1,16
452757963,1619012068200243,-339385912,188741591,130461,161769,0.21000001,0.652469,0.735,0.88400006,0.63,1.04,98,4,0.24000001,-0.238,0.035,-0.47100002,2.4952173,0,nan,0.0,4,1,16
453159678,1619012068600243,-339385922,188741599,130613,161920,0.22900002,0.42775,0.73200005,0.88100004,0.63,1.04,98,4,0.34100002,-0.256,0.22500001,-0.056,2.4983163,0,nan,0.0,4,1,16
453357962,1619012068800243,-339385926,188741603,130666,161974,0.209,0.4025633,0.73300004,0.88100004,0.63,1.04,98,4,0.365,-0.272,0.24300002,-0.27400002,2.4531684,0,nan,0.0,4,1,16
453554622,1619012069000243,-339385930,188741607,130725,162033,0.21200001,0.6904828,0.73300004,0.88100004,0.63,1.04,98,4,0.24100001,-0.202,0.13100001,-0.40600002,2.482151,0,nan,0.0,4,1,16
453758003,1619012069200243,-339385935,188741612,130810,162117,0.209,0.37812644,0.734,0.883,0.63,1.04,98,4,0.48800004,-0.37600002,0.312,-0.384,2.4566061,0,nan,0.0,4,1,16
453956968,1619012069400243,-339385944,188741620,130850,162157,0.223,0.23122959,0.73600006,0.88500005,0.63,1.04,98,4,0.785,-0.65000004,0.439,0.042000003,2.5223987,0,nan,0.0,4,1,16
454160206,1619012069600243,-339385959,188741632,130890,162197,0.20500001,0.13899331,0.73700005,0.887,0.63,1.04,98,4,1.297,-1.0830001,0.712,-0.24300002,2.5498805,0,nan,0.0,4,1,16
454359083,1619012069800243,-339385983,188741652,130932,162240,0.2,0.09213663,0.73700005,0.88900006,0.63,1.04,98,3,1.8740001,-1.6040001,0.96800005,-0.35200003,2.5840137,0,nan,0.0,4,1,16
454558964,1619012070000243,-339386014,188741674,130985,162292,0.20500001,0.07697565,0.73700005,0.89000005,0.63,1.04,98,3,2.1520002,-1.8360001,1.123,0.023000002,2.5889692,0,nan,0.0,4,1,16
454763020,1619012070200243,-339386048,188741700,130974,162281,0.22100002,0.08376236,0.73800004,0.89300007,0.63,1.04,98,3,2.2180002,-1.9120001,1.125,-0.083000004,2.5986776,0,nan,0.0,4,1,16
454956009,1619012070400243,-339386082,188741722,131016,162324,0.215,0.094029434,0.739,0.89400005,0.63,1.04,98,3,2.0970001,-1.8980001,0.89300007,-0.32500002,2.6446621,0,nan,0.0,4,1,16
455155101,1619012070600243,-339386114,188741738,131126,162433,0.18900001,0.10833782,0.74100006,0.89400005,0.63,1.04,98,3,1.876,-1.7850001,0.577,-0.416,2.724273,0,nan,0.0,4,1,16
455348976,1619012070800243,-339386144,188741750,131201,162508,0.18400002,0.10296203,0.74200004,0.89400005,0.63,1.04,98,2,1.7960001,-1.6890001,0.61200005,-0.016,2.760894,0,nan,0.0,4,1,16
455558998,1619012071000243,-339386173,188741763,131179,162486,0.19000001,0.0946342,0.74100006,0.89300007,0.63,1.04,98,2,1.7120001,-1.618,0.559,0.27,2.787023,0,nan,0.0,4,1,16
455755296,1619012071200243,-339386203,188741779,131115,162422,0.17400001,0.08627459,0.739,0.89100003,0.65999997,1.0699999,98,2,1.713,-1.5810001,0.65900004,0.059000004,2.7648892,0,nan,0.0,4,1,15
455955580,1619012071400243,-339386234,188741795,131080,162387,0.18,0.08227848,0.73700005,0.89000005,0.65999997,1.0699999,98,2,1.8410001,-1.72,0.657,0.096,2.7710714,0,nan,0.0,4,1,15
456156010,1619012071600243,-339386265,188741808,131031,162338,0.21700001,0.10607867,0.73700005,0.89000005,0.63,1.04,98,2,1.8750001,-1.815,0.47300002,0.33800003,2.8149405,0,nan,0.0,4,1,16
456356966,1619012071800243,-339386297,188741818,130957,162264,0.223,0.10516969,0.739,0.89100003,0.63,1.04,98,2,1.8270001,-1.769,0.45700002,0.393,2.8524196,0,nan,0.0,4,1,16
456556967,1619012072000243,-339386328,188741825,130904,162211,0.21900001,0.1234255,0.74100006,0.89400005,0.63,1.04,98,2,1.7400001,-1.7210001,0.261,0.298,2.9110067,0,nan,0.0,4,1,16
456753042,1619012072200243,-339386357,188741826,130801,162108,0.19800001,0.13793075,0.74200004,0.89500004,0.63,1.04,98,2,1.5690001,-1.552,-0.22900002,0.56700003,3.0791638,0,nan,0.0,4,1,16
456956964,1619012072400243,-339386384,188741820,130670,161977,0.18900001,0.13808103,0.74200004,0.89500004,0.65999997,1.0699999,98,2,1.4760001,-1.434,-0.35000002,0.65500003,3.230427,0,nan,0.0,4,1,15
457158308,1619012072600243,-339386406,188741813,130583,161891,0.18100001,0.14558804,0.74100006,0.89400005,0.63,1.04,98,2,1.243,-1.22,-0.23400001,0.40300003,3.2783434,0,nan,0.0,4,1,16
457358965,1619012072800243,-339386427,188741811,130517,161825,0.18200001,0.1403557,0.739,0.89400005,0.63,1.04,98,5,1.1010001,-1.1010001,0.0050000004,0.323,3.2047992,0,nan,0.0,4,1,16
457558008,1619012073000243,-339386448,188741811,130436,161743,0.178,0.15198256,0.73800004,0.89400005,0.63,1.04,98,5,1.1830001,-1.1780001,-0.115,0.279,3.2206864,0,nan,0.0,4,1,16
457753145,1619012073200243,-339386467,188741809,130349,161656,0.20400001,0.19323273,0.73800004,0.89400005,0.63,1.04,98,5,1.0320001,-1.031,-0.032,0.509,3.2022252,0,nan,0.0,4,1,16
457952980,1619012073400243,-339386484,188741803,130294,161602,0.17,0.21513538,0.73800004,0.89400005,0.63,1.04,98,5,1.003,-0.93200004,-0.36800003,0.39800003,3.3432672,0,nan,0.0,4,1,16
458152857,1619012073600243,-339386498,188741795,130212,161519,0.16800001,0.27285534,0.739,0.89400005,0.63,1.04,98,5,0.818,-0.71800005,-0.39200002,0.36400002,3.4576337,0,nan,0.0,4,1,16
458356529,1619012073800243,-339386509,188741786,130155,161462,0.17,0.28948465,0.739,0.89400005,0.63,1.04,98,4,0.73300004,-0.625,-0.38300002,0.37,3.5675473,0,nan,0.0,4,1,16
458555967,1619012074000243,-339386519,188741779,130086,161393,0.127,0.3345564,0.73800004,0.892,0.63,1.04,98,4,0.586,-0.512,-0.28500003,0.13700001,3.6027856,0,nan,0.0,4,1,16
458756029,1619012074200243,-339386526,188741775,130107,161414,0.157,0.36825678,0.735,0.89000005,0.63,1.04,98,4,0.425,-0.425,0.006,-0.042000003,3.3876,0,nan,0.0,4,1,16
458956971,1619012074400243,-339386533,188741778,130111,161418,0.194,0.40001637,0.734,0.88900006,0.63,1.04,98,4,0.37,-0.328,0.17,-0.037,3.055258,0,nan,0.0,4,1,16
459155966,1619012074600243,-339386539,188741782,130103,161411,0.21300001,0.3487782,0.73300004,0.887,0.63,1.04,98,4,0.432,-0.393,0.178,0.22800002,2.862728,0,nan,0.0,4,1,16
459358031,1619012074800243,-339386546,188741786,130047,161354,0.23,0.4549019,0.73300004,0.887,0.63,1.04,98,4,0.43,-0.40600002,0.141,0.36400002,2.8423362,0,nan,0.0,4,1,16
459557015,1619012075000243,-339386551,188741789,129984,161292,0.259,0.60557777,0.735,0.887,0.63,1.04,98,4,0.28,-0.22100002,0.171,0.344,2.7134883,0,nan,0.0,4,1,16
459754966,1619012075200243,-339386555,188741792,129929,161237,0.24300002,0.60559136,0.73700005,0.8880001,0.65999997,1.0699999,98,4,0.254,-0.25300002,0.026,0.164,2.7134883,0,nan,0.0,4,1,15
459958996,1619012075400243,-339386557,188741790,129921,161228,0.19700001,0.6056004,0.73800004,0.88900006,0.63,1.04,98,4,0.13900001,-0.057000004,-0.126,-0.085,2.7134883,0,nan,0.0,4,1,16
460158968,1619012075600243,-339386556,188741788,129982,161289,0.24900001,0.60561806,0.73800004,0.88900006,0.63,1.04,98,4,0.1,0.094000004,-0.033,-0.37600002,2.7134883,0,nan,0.0,4,1,16
460354973,1619012075800243,-339386553,188741787,130081,161388,0.245,0.62833965,0.73800004,0.8880001,0.65,1.05,98,3,0.22000001,0.165,-0.147,-0.41300002,4.082492,0,nan,0.0,4,1,15
460564022,1619012076000243,-339386549,188741783,130121,161429,0.21700001,0.43308687,0.73700005,0.887,0.65,1.05,98,3,0.321,0.17300001,-0.27100003,0.046000004,4.8945494,0,nan,0.0,4,1,15
460756987,1619012076200243,-339386544,188741776,130117,161425,0.20600002,0.37937382,0.73800004,0.887,0.63,1.04,98,3,0.42200002,0.31100002,-0.28500003,0.101,5.2611513,0,nan,0.0,4,1,16
460953071,1619012076400243,-339386538,188741770,130127,161434,0.22600001,0.44567192,0.739,0.88900006,0.63,1.04,98,3,0.38300002,0.26000002,-0.28100002,-0.001,5.344468,0,nan,0.0,4,1,16
461160183,1619012076600243,-339386532,188741763,130121,161428,0.22700001,0.36270282,0.74100006,0.89000005,0.63,1.04,98,3,0.47900003,0.333,-0.344,-0.045,5.4272017,0,nan,0.0,4,1,16
461358976,1619012076800243,-339386527,188741757,130144,161451,0.23200001,0.45881617,0.74,0.89000005,0.63,1.04,98,3,0.33800003,0.20600002,-0.26700002,-0.193,5.404862,0,nan,0.0,4,1,16
461557964,1619012077000243,-339386523,188741752,130242,161549,0.24200001,0.45885038,0.73800004,0.88900006,0.63,1.04,98,3,0.097,0.062000003,-0.074,-0.564,5.404862,0,nan,0.0,4,1,16
461757964,1619012077200243,-339386520,188741753,130356,161664,0.194,0.70823765,0.73600006,0.8880001,0.63,1.04,98,3,0.26000002,0.12100001,0.23,-0.317,5.9857273,0,nan,0.0,4,1,16
461955968,1619012077400243,-339386522,188741762,130355,161662,0.202,0.31919733,0.734,0.887,0.63,1.04,98,3,0.42200002,-0.29700002,0.3,-0.043,1.9047618,0,nan,0.0,4,1,16
462157966,1619012077600243,-339386527,188741769,130358,161665,0.231,0.28687558,0.734,0.887,0.63,1.04,98,3,0.51900005,-0.337,0.39600003,0.11100001,2.1102576,0,nan,0.0,4,1,16
462354248,1619012077800243,-339386533,188741777,130334,161641,0.252,0.4187387,0.735,0.8880001,0.63,1.04,98,2,0.416,-0.32000002,0.266,0.043,2.2180705,0,nan,0.0,4,1,16
462558250,1619012078000243,-339386538,188741781,130319,161626,0.22600001,0.51813304,0.73700005,0.88900006,0.63,1.04,98,2,0.35300002,-0.328,0.13000001,0.056,2.4338,0,nan,0.0,4,1,16
462764970,1619012078200243,-339386544,188741784,130311,161618,0.172,0.61656004,0.73800004,0.88900006,0.63,1.04,98,2,0.326,-0.326,-0.013,-0.037,2.743479,0,nan,0.0,4,1,16
462959966,1619012078400243,-339386548,188741786,130350,161657,0.208,0.74125457,0.73700005,0.8880001,0.63,1.04,98,2,0.20600002,-0.19100001,0.078,-0.39900002,2.7475743,0,nan,0.0,4,1,16
463158672,1619012078600243,-339386552,188741790,130392,161699,0.19600001,0.5228535,0.73600006,0.887,0.65999997,1.0699999,98,2,0.254,-0.14600001,0.208,-0.259,2.3712425,0,nan,0.0,4,1,15
463359970,1619012078800242,-339386554,188741792,130480,161787,0.18200001,0.7377798,0.735,0.88500005,0.63,1.04,98,3,0.23900001,-0.23500001,0.044000003,-0.18300001,2.5674047,0,nan,0.0,4,1,16
463557110,1619012079000242,-339386556,188741793,130503,161810,0.22600001,0.7377882,0.735,0.88500005,0.63,1.04,98,3,0.095000006,-0.093,0.017,0.135,2.5674047,0,nan,0.0,4,1,16
463755966,1619012079200242,-339386558,188741794,130506,161814,0.21200001,0.737796,0.735,0.88500005,0.63,1.04,98,3,0.20600002,-0.20400001,0.034,0.045,2.5674047,0,nan,0.0,4,1,16
463956965,1619012079400242,-339386562,188741796,130506,161813,0.17600001,0.7376107,0.73600006,0.88500005,0.63,1.04,98,3,0.284,-0.282,-0.037,0.0,2.9195242,0,nan,0.0,4,1,16
464159030,1619012079600242,-339386565,188741793,130510,161818,0.16900001,0.6705855,0.73700005,0.88500005,0.63,1.04,98,3,0.32900003,-0.123,-0.305,0.027,3.6903434,0,nan,0.0,4,1,16
464360968,1619012079800242,-339386566,188741787,130547,161855,0.22000001,0.54548866,0.73800004,0.88400006,0.63,1.04,98,7,0.34,-0.091000006,-0.328,-0.30800003,4.1429067,0,nan,0.0,4,1,16
464560979,1619012080000242,-339386566,188741782,130612,161920,0.23500001,0.5455042,0.73700005,0.883,0.63,1.04,98,7,0.18300001,0.057000004,-0.17400001,-0.24800001,4.1429067,0,nan,0.0,4,1,16
464770191,1619012080200242,-339386565,188741780,130666,161973,0.23900001,0.54551625,0.73600006,0.883,0.63,1.04,98,7,0.15100001,0.061000004,-0.13900001,-0.18300001,4.1429067,0,nan,0.0,4,1,16
464962975,1619012080400242,-339386564,188741777,130672,161979,0.22200002,0.54553074,0.73600006,0.883,0.63,1.04,98,7,0.097,0.001,-0.097,0.27400002,4.1429067,0,nan,0.0,4,1,16
465159328,1619012080600242,-339386564,188741775,130650,161958,0.179,0.54554105,0.73600006,0.883,0.63,1.04,98,7,0.172,-0.055000003,-0.163,0.108,4.1429067,0,nan,0.0,4,1,16
465359966,1619012080800242,-339386566,188741773,130619,161926,0.21400002,0.54555607,0.73600006,0.88500005,0.63,1.04,98,6,0.21000001,-0.18400002,-0.101,0.21200001,4.1429067,0,nan,0.0,4,1,16
465559967,1619012081000242,-339386569,188741772,130495,161802,0.23900001,0.5456007,0.73700005,0.88500005,0.63,1.04,98,6,0.165,-0.134,-0.096,0.873,4.1429067,0,nan,0.0,4,1,16
465760131,1619012081200242,-339386572,188741770,130295,161603,0.22900002,0.54565275,0.73700005,0.88400006,0.63,1.04,98,6,0.215,-0.17300001,-0.127,1.013,4.1429067,0,nan,0.0,4,1,16
465958093,1619012081400242,-339386574,188741769,130128,161435,0.224,0.54568696,0.73600006,0.882,0.63,1.04,98,6,0.095000006,-0.091000006,-0.025,0.67600006,4.1429067,0,nan,0.0,4,1,16
466159967,1619012081600242,-339386574,188741771,130028,161335,0.216,0.54570615,0.734,0.88100004,0.63,1.04,98,6,0.187,0.043,0.18200001,0.33400002,4.1429067,0,nan,0.0,4,1,16
466356013,1619012081800242,-339386573,188741774,129982,161289,0.21700001,0.5457171,0.73300004,0.87900007,0.63,1.04,98,7,0.007,0.004,0.006,0.21700001,4.1429067,0,nan,0.0,4,1,16
466557966,1619012082000242,-339386571,188741775,129943,161251,0.20700002,0.54573494,0.73300004,0.878,0.63,1.04,98,7,0.16100001,0.15300001,0.049000002,0.31500003,4.1429067,0,nan,0.0,4,1,16
466760215,1619012082200242,-339386567,188741775,129909,161216,0.202,0.66120243,0.73300004,0.878,0.63,1.04,98,7,0.22600001,0.192,-0.11800001,0.048,4.786265,0,nan,0.0,4,1,16
466957967,1619012082400242,-339386561,188741773,129885,161192,0.16900001,0.42220387,0.73300004,0.87700003,0.63,1.04,98,7,0.46300003,0.462,0.015000001,0.263,5.8719287,0,nan,0.0,4,1,16
467160272,1619012082600242,-339386549,188741772,129824,161131,0.18800001,0.21214111,0.73300004,0.87600005,0.63,1.04,98,7,0.87200004,0.85800004,-0.157,0.36900002,6.0557966,0,nan,0.0,4,1,16
467356463,1619012082800242,-339386527,188741771,129767,161074,0.171,0.121119395,0.73200005,0.87500006,0.63,1.04,98,3,1.559,1.559,0.025,0.09,6.2392516,0,nan,0.0,4,1,16
467560397,1619012083000242,-339386492,188741775,129743,161050,0.162,0.085636154,0.73200005,0.87500006,0.63,1.04,98,3,2.252,2.2340002,0.284,0.091000006,0.06993744,0,nan,0.0,4,1,16
467755973,1619012083200242,-339386445,188741780,129756,161064,0.171,0.07146582,0.731,0.874,0.63,1.04,98,3,2.812,2.809,0.124000005,0.098000005,0.054505933,0,nan,0.0,4,1,16
467956969,1619012083400242,-339386389,188741783,129753,161061,0.16000001,0.06039572,0.731,0.87200004,0.63,1.04,98,3,3.2370002,3.2310002,0.20400001,0.029000001,0.05947785,0,nan,0.0,4,1,16
468154976,1619012083600242,-339386329,188741787,129727,161034,0.178,0.06345354,0.73200005,0.87100005,0.63,1.04,98,3,3.367,3.3630002,0.16700001,0.326,0.05464399,0,nan,0.0,4,1,16
468357386,1619012083800242,-339386269,188741790,129617,160924,0.17500001,0.06255888,0.73200005,0.87100005,0.63,1.04,98,5,3.2910001,3.2910001,0.062000003,0.708,0.036106672,0,nan,0.0,4,1,16
468557281,1619012084000242,-339386209,188741793,129453,160761,0.17500001,0.06384955,0.73300004,0.87000006,0.63,1.04,98,5,3.3550003,3.3500001,0.19600001,0.87900007,0.04730767,0,nan,0.0,4,1,16
468758071,1619012084200242,-339386150,188741796,129261,160568,0.17500001,0.0554622,0.73200005,0.869,0.63,1.04,98,5,3.252,3.252,-0.016,0.896,0.016934406,0,nan,0.0,4,1,16
468957430,1619012084400242,-339386094,188741796,129110,160418,0.17,0.061186355,0.731,0.86700004,0.63,1.04,98,5,2.9900002,2.989,0.053000003,0.694,0.017243328,0,nan,0.0,4,1,16
469152962,1619012084600242,-339386043,188741800,128940,160247,0.17,0.062359914,0.72900003,0.86600006,0.63,1.04,98,5,2.6320002,2.63,0.10700001,0.83800006,0.028869838,0,nan,0.0,4,1,16
469357162,1619012084800242,-339386000,188741804,128722,160029,0.18100001,0.075720236,0.72700006,0.864,0.63,1.04,98,6,2.243,2.236,0.17300001,1.202,0.048742156,0,nan,0.0,4,1,16
469557147,1619012085000242,-339385966,188741810,128465,159772,0.186,0.1349574,0.72700006,0.864,0.65,1.05,98,6,1.6340001,1.6110001,0.273,1.243,0.07772562,0,nan,0.0,4,1,15
469756968,1619012085200242,-339385942,188741815,128201,159509,0.21200001,0.20260304,0.72800004,0.86500007,0.63,1.04,98,6,1.199,1.194,0.113000005,1.3160001,0.08282914,0,nan,0.0,4,1,16
469956967,1619012085400242,-339385924,188741819,127883,159190,0.21700001,0.24246322,0.73,0.86600006,0.63,1.04,98,6,0.85300004,0.84300005,0.13000001,1.664,0.11177996,0,nan,0.0,4,1,16
470959974,1619012086400242,-339385889,188741844,127202,158509,0.20600002,0.62145674,0.731,0.873,0.63,1.04,98,4,0.36400002,0.23300001,0.279,0.31800002,0.7669289,0,nan,0.0,4,1,16
471158997,1619012086600242,-339385888,188741847,127157,158464,0.257,0.6214681,0.73200005,0.87700003,0.63,1.04,98,4,0.035,-0.016,0.031000001,0.043,0.7669289,0,nan,0.0,4,1,16
471364966,1619012086800242,-339385889,188741846,127138,158446,0.178,0.62147695,0.73300004,0.88000005,0.63,1.04,98,2,0.201,-0.101,-0.17400001,-0.024,0.7669289,0,nan,0.0,4,1,16
471558001,1619012087000242,-339385891,188741842,127105,158412,0.2,0.6214904,0.735,0.883,0.63,1.04,98,2,0.25100002,-0.097,-0.231,0.17500001,0.7669289,0,nan,0.0,4,1,16
471758206,1619012087200242,-339385894,188741836,127089,158396,0.19900002,0.5914095,0.735,0.88500005,0.63,1.04,98,2,0.34600002,-0.105000004,-0.33,-0.22600001,5.66217,0,nan,0.0,4,1,16
471947878,1619012087400242,-339385896,188741830,127145,158453,0.22700001,0.58569336,0.73600006,0.887,0.63,1.04,98,2,0.36200002,-0.16600001,-0.32200003,-0.49,4.942467,0,nan,0.0,4,1,16
472155965,1619012087600242,-339385898,188741825,127267,158574,0.22800002,0.5857178,0.73600006,0.88900006,0.63,1.04,98,2,0.259,-0.135,-0.22100002,-0.45600003,4.942467,0,nan,0.0,4,1,16
472354966,1619012087800242,-339385901,188741821,127281,158588,0.17500001,0.5857311,0.735,0.89000005,0.63,1.04,98,2,0.266,-0.11000001,-0.24200001,-0.098000005,4.942467,0,nan,0.0,4,1,16
472558884,1619012088000242,-339385903,188741815,127341,158649,0.22000001,0.76907897,0.73600006,0.89100003,0.63,1.04,98,2,0.307,-0.179,-0.25,-0.30400002,4.6291556,0,nan,0.0,4,1,16
472755976,1619012088200242,-339385908,188741809,127370,158677,0.18800001,0.46578595,0.73600006,0.89100003,0.63,1.04,98,2,0.448,-0.28300002,-0.347,-0.23400001,4.1893826,0,nan,0.0,4,1,16
472956965,1619012088400242,-339385912,188741802,127371,158679,0.163,0.50105834,0.735,0.89100003,0.63,1.04,98,2,0.37800002,-0.16700001,-0.33900002,-0.133,4.2191167,0,nan,0.0,4,1,16
473158351,1619012088600242,-339385915,188741795,127408,158715,0.192,0.5619145,0.734,0.89000005,0.63,1.04,98,2,0.404,-0.147,-0.37600002,-0.284,4.272616,0,nan,0.0,4,1,16
473356969,1619012088800242,-339385917,188741789,127470,158778,0.22900002,0.5619367,0.735,0.89000005,0.63,1.04,98,2,0.261,-0.048,-0.256,-0.37100002,4.272616,0,nan,0.0,4,1,16
473560977,1619012089000242,-339385918,188741786,127505,158812,0.17,0.561945,0.735,0.88900006,0.63,1.04,98,2,0.069000006,-0.018000001,-0.066,-0.010000001,4.272616,0,nan,0.0,4,1,16
473758308,1619012089200242,-339385919,188741785,127499,158806,0.21400002,0.56195796,0.735,0.88900006,0.63,1.04,98,2,0.127,-0.112,-0.060000002,0.23400001,4.272616,0,nan,0.0,4,1,16
473959968,1619012089400242,-339385920,188741786,127441,158748,0.23400001,0.5619719,0.734,0.8880001,0.63,1.04,98,2,0.003,0.002,0.002,0.28800002,4.272616,0,nan,0.0,4,1,16
474159971,1619012089600242,-339385920,188741788,127404,158712,0.28300002,0.5619859,0.735,0.8880001,0.63,1.04,98,2,0.15400001,-0.096,0.12100001,0.11400001,4.272616,0,nan,0.0,4,1,16
474356999,1619012089800242,-339385922,188741792,127389,158696,0.28500003,0.589822,0.73700005,0.88900006,0.63,1.04,98,2,0.273,-0.142,0.23300001,0.14500001,3.2477393,0,nan,0.0,4,1,16
474557029,1619012090000242,-339385926,188741797,127321,158629,0.25100002,0.61200595,0.73800004,0.88900006,0.63,1.04,98,2,0.23200001,-0.172,0.155,0.25100002,2.8435128,0,nan,0.0,4,1,16
474753373,1619012090200241,-339385929,188741801,127262,158570,0.246,0.587034,0.73800004,0.887,0.63,1.04,98,2,0.22500001,-0.125,0.187,0.13700001,2.4871547,0,nan,0.0,4,1,16
474964967,1619012090400241,-339385930,188741803,127218,158525,0.22900002,0.58704466,0.73800004,0.887,0.63,1.04,98,2,0.091000006,0.012,0.09,0.162,2.4871547,0,nan,0.0,4,1,16
475156992,1619012090600241,-339385929,188741805,127191,158498,0.238,0.5870589,0.73800004,0.88600004,0.63,1.04,98,2,0.133,-0.014,0.132,0.272,2.4871547,0,nan,0.0,4,1,16
475360962,1619012090800241,-339385929,188741808,127137,158444,0.23900001,0.5870788,0.73800004,0.88600004,0.65,1.05,98,3,0.15300001,0.028,0.15,0.39800003,2.4871547,0,nan,0.0,4,1,15
475558079,1619012091000241,-339385929,188741809,127067,158374,0.23900001,0.58709294,0.73800004,0.887,0.63,1.04,98,3,0.046000004,0.011000001,0.045,0.29900002,2.4871547,0,nan,0.0,4,1,16
475759634,1619012091200241,-339385928,188741810,126992,158300,0.23400001,0.58711165,0.73800004,0.88900006,0.63,1.04,98,3,0.12200001,0.10300001,0.064,0.38300002,2.4871547,0,nan,0.0,4,1,16
475959355,1619012091400241,-339385927,188741811,126894,158202,0.24800001,0.5871326,0.739,0.89100003,0.63,1.04,98,3,0.034,0.032,0.011000001,0.446,2.4871547,0,nan,0.0,4,1,16
476161073,1619012091600241,-339385927,188741809,126830,158137,0.24200001,0.58715004,0.74,0.89300007,0.63,1.04,98,3,0.116000004,0.027,-0.113000005,0.35700002,2.4871547,0,nan,0.0,4,1,16
476361199,1619012091800241,-339385926,188741810,126744,158051,0.21800001,0.58716536,0.74,0.89400005,0.63,1.04,98,4,0.21100001,0.18,0.11000001,0.252,2.4871547,0,nan,0.0,4,1,16
476558058,1619012092000241,-339385924,188741811,126671,157979,0.22200002,0.587182,0.74,0.89500004,0.63,1.04,98,4,0.194,0.194,-0.003,0.296,2.4871547,0,nan,0.0,4,1,16
476761967,1619012092200241,-339385922,188741813,126588,157895,0.23900001,0.58721566,0.739,0.89400005,0.63,1.04,98,4,0.163,-0.030000001,0.16000001,0.70500004,2.4871547,0,nan,0.0,4,1,16
476960267,1619012092400241,-339385915,188741823,126403,157711,0.19100001,0.18198757,0.73800004,0.89400005,0.63,1.04,98,4,1.1960001,0.84400004,0.84700006,1.001,0.93601495,0,nan,0.0,4,1,16
477159967,1619012092600241,-339385897,188741838,126243,157551,0.179,0.17446572,0.73700005,0.89500004,0.63,1.04,98,4,1.2420001,1.108,0.56100005,0.762,0.6924025,0,nan,0.0,4,1,16
477354510,1619012092800241,-339385879,188741855,126083,157390,0.17,0.16469485,0.73700005,0.896,0.63,1.04,98,3,1.4210001,1.041,0.966,0.67800003,0.7219254,0,nan,0.0,4,1,16
477554523,1619012093000241,-339385862,188741876,126009,157316,0.171,0.15842266,0.73700005,0.897,0.63,1.04,98,3,1.207,0.76100004,0.93700004,0.437,0.8087424,0,nan,0.0,4,1,16
477758975,1619012093200241,-339385850,188741891,125935,157242,0.16000001,0.2878479,0.73600006,0.89900005,0.63,1.04,98,3,0.79200006,0.646,0.45800003,0.15300001,0.764074,0,nan,0.0,4,1,16
477956979,1619012093400241,-339385833,188741899,125922,157229,0.187,0.15353765,0.73600006,0.90000004,0.63,1.04,98,3,1.286,1.2570001,0.27100003,-0.083000004,0.33471367,0,nan,0.0,4,1,16
478156001,1619012093600241,-339385812,188741904,125897,157205,0.19600001,0.18343356,0.73600006,0.90300006,0.63,1.04,98,3,1.139,1.1240001,0.18200001,0.120000005,0.26278636,0,nan,0.0,4,1,16
478355963,1619012093800241,-339385793,188741903,125890,157198,0.21700001,0.18764278,0.73600006,0.90400004,0.65,1.05,98,2,0.94000006,0.92800003,-0.15200001,0.120000005,0.055119764,0,nan,0.0,4,1,15
478556069,1619012094000241,-339385779,188741896,125888,157195,0.264,0.229164,0.73600006,0.90800005,0.63,1.04,98,2,0.82000005,0.72,-0.393,-0.13700001,6.1156306,0,nan,0.0,4,1,16
478757106,1619012094200241,-339385769,188741884,125843,157151,0.23,0.27263612,0.73700005,0.9110001,0.63,1.04,98,2,0.73300004,0.44300002,-0.58500004,0.21800001,5.8027916,0,nan,0.0,4,1,16
478956964,1619012094400241,-339385756,188741869,125858,157165,0.24100001,0.17585658,0.73800004,0.91400003,0.63,1.04,98,2,1.069,0.822,-0.683,0.187,5.6526303,0,nan,0.0,4,1,16
479155156,1619012094600241,-339385742,188741854,125860,157168,0.25500003,0.17695282,0.739,0.91600007,0.63,1.04,98,2,1.044,0.813,-0.65500003,-0.09900001,5.628875,0,nan,0.0,4,1,16
479356966,1619012094800241,-339385729,188741838,125875,157183,0.26000002,0.22967328,0.74,0.92,0.63,1.04,98,4,0.94400007,0.541,-0.77300006,0.19700001,5.5148954,0,nan,0.0,4,1,16
479555329,1619012095000241,-339385721,188741819,125829,157136,0.245,0.23560967,0.74200004,0.92300004,0.63,1.04,98,4,0.9760001,0.38000003,-0.89900005,0.123,5.318806,0,nan,0.0,4,1,16
479771305,1619012095200241,-339385713,188741800,125848,157155,0.268,0.21566544,0.744,0.92600006,0.63,1.04,98,4,0.952,0.50100005,-0.809,-0.208,5.290399,0,nan,0.0,4,1,16
479958961,1619012095400241,-339385707,188741786,125853,157160,0.257,0.4459632,0.74600005,0.93000007,0.63,1.04,98,4,0.492,0.23900001,-0.43,0.134,5.2769537,0,nan,0.0,4,1,16
480152771,1619012095600241,-339385702,188741776,125904,157212,0.26700002,0.4846116,0.748,0.934,0.63,1.04,98,4,0.455,0.135,-0.43500003,-0.023000002,5.155754,0,nan,0.0,4,1,16
480356973,1619012095800241,-339385704,188741763,125952,157259,0.23,0.35331413,0.75100005,0.93900007,0.63,1.04,98,3,0.85300004,-0.29900002,-0.79800004,-0.40500003,4.6320834,0,nan,0.0,4,1,16
480555967,1619012096000241,-339385713,188741749,126019,157326,0.16800001,0.36959913,0.754,0.943,0.63,1.04,98,3,0.80600005,-0.56,-0.58000004,-0.286,4.3036532,0,nan,0.0,4,1,16
481158966,1619012096600241,-339385757,188741728,126154,157461,0.171,0.20060012,0.75900006,0.95000005,0.63,1.04,98,3,0.957,-0.87000006,-0.4,-0.33,3.5771213,0,nan,0.0,4,1,16
481358004,1619012096800241,-339385774,188741715,126213,157521,0.16100001,0.20471054,0.76000005,0.95300007,0.63,1.04,98,4,1.136,-0.88000005,-0.71900004,-0.39600003,3.6995025,0,nan,0.0,4,1,16
481563000,1619012097000241,-339385791,188741707,126274,157582,0.231,0.2523631,0.76100004,0.957,0.63,1.04,98,4,1.0270001,-1.023,-0.091000006,-0.23700002,3.5131178,0,nan,0.0,4,1,16
481754974,1619012097200241,-339385808,188741703,126361,157668,0.21900001,0.33698887,0.76400006,0.9620001,0.63,1.04,98,4,0.80500007,-0.76500005,-0.25300002,-0.694,3.4942505,0,nan,0.0,4,1,16
481956968,1619012097400241,-339385824,188741707,126507,157814,0.215,0.14723998,0.76400006,0.96400005,0.63,1.04,98,4,1.074,-0.93700004,0.523,-0.64500004,2.7703736,0,nan,0.0,4,1,16
482153058,1619012097600241,-339385836,188741717,126606,157914,0.224,0.33448955,0.763,0.96500003,0.63,1.04,98,4,0.46800002,-0.31800002,0.34300002,-0.41400003,2.6969156,0,nan,0.0,4,1,16
482356966,1619012097800241,-339385849,188741727,126647,157955,0.22600001,0.12687339,0.763,0.966,0.63,1.04,98,7,1.197,-1.0090001,0.64400005,-0.30600002,2.5888767,0,nan,0.0,4,1,16
482557063,1619012098000241,-339385854,188741731,126776,158083,0.257,0.5997239,0.762,0.96700007,0.63,1.04,98,7,0.273,0.22700001,-0.15200001,-0.31800002,2.722022,0,nan,0.0,4,1,16
482758971,1619012098200241,-339385856,188741726,126720,158027,0.18400002,0.70566803,0.762,0.96800005,0.63,1.04,98,7,0.372,-0.256,-0.26900002,0.157,3.2380736,0,nan,0.0,4,1,16
482955146,1619012098400241,-339385856,188741721,126660,157967,0.19900002,0.3857954,0.762,0.96800005,0.63,1.04,98,7,0.38500002,0.31300002,-0.22500001,0.284,5.1036644,0,nan,0.0,4,1,16
483156974,1619012098600241,-339385856,188741721,126592,157899,0.256,0.51210105,0.762,0.97,0.63,1.04,98,7,0.32500002,-0.156,0.286,0.25500003,4.0051904,0,nan,0.0,4,1,16
483357004,1619012098800241,-339385859,188741723,126452,157760,0.25500003,0.51214135,0.762,0.97,0.63,1.04,98,7,0.125,-0.056,-0.112,0.74300003,4.0051904,0,nan,0.0,4,1,16
483557966,1619012099000241,-339385857,188741717,126364,157672,0.18200001,0.2671921,0.76100004,0.97,0.63,1.04,98,7,0.642,0.30400002,-0.565,0.22900002,4.9493628,0,nan,0.0,4,1,16
483757034,1619012099200241,-339385853,188741705,126357,157664,0.21300001,0.3313092,0.76100004,0.97300005,0.63,1.04,98,7,0.57000005,0.187,-0.53900003,-0.054,4.9877415,0,nan,0.0,4,1,16
483957140,1619012099400241,-339385850,188741703,126399,157707,0.23400001,0.71760833,0.762,0.9760001,0.63,1.04,98,7,0.32900003,0.19600001,0.26500002,-0.37100002,5.3794556,0,nan,0.0,4,1,16
484157267,1619012099600241,-339385852,188741709,126430,157738,0.22100002,0.49980748,0.763,0.97800004,0.63,1.04,98,7,0.319,-0.25100002,0.19700001,-0.42600003,3.424039,0,nan,0.0,4,1,16
484354045,1619012099800241,-339385855,188741714,126538,157845,0.208,0.41899422,0.763,0.97900003,0.63,1.04,98,6,0.40100002,-0.16700001,0.365,-0.35700002,2.5882194,0,nan,0.0,4,1,16
484557513,1619012100000241,-339385859,188741721,126583,157891,0.20500001,0.4070242,0.76400006,0.98100007,0.63,1.04,98,6,0.39800003,-0.27,0.29200003,-0.22100002,2.4486833,0,nan,0.0,4,1,16
484759089,1619012100200241,-339385860,188741721,126572,157880,0.215,0.43349317,0.76400006,0.98200005,0.63,1.04,98,6,0.384,0.23700002,-0.30100003,0.008,3.8220289,0,nan,0.0,4,1,16
484964103,1619012100400241,-339385858,188741717,126582,157890,0.23600002,0.433508,0.76500005,0.98300004,0.63,1.04,98,6,0.078,-0.018000001,-0.076000005,-0.094000004,3.8220289,0,nan,0.0,4,1,16
485161056,1619012100600241,-339385861,188741716,126615,157923,0.18800001,0.76820225,0.76500005,0.98300004,0.63,1.04,98,6,0.264,-0.256,-0.064,-0.192,3.7164924,0,nan,0.0,4,1,16
485358975,1619012100800241,-339385862,188741714,126641,157948,0.18,0.7682098,0.76400006,0.98200005,0.63,1.04,98,2,0.20700002,0.0050000004,-0.20700002,0.010000001,3.7164924,0,nan,0.0,4,1,16
485558974,1619012101000241,-339385863,188741710,126630,157937,0.179,0.76821625,0.763,0.98200005,0.63,1.04,98,2,0.157,0.010000001,-0.157,-0.026,3.7164924,0,nan,0.0,4,1,16
485755052,1619012101200241,-339385863,188741706,126618,157926,0.163,0.7071524,0.762,0.98200005,0.63,1.04,98,2,0.261,0.015000001,-0.26000002,0.014,4.2873373,0,nan,0.0,4,1,16
485960300,1619012101400241,-339385865,188741704,126603,157910,0.20500001,0.75286806,0.762,0.98300004,0.63,1.04,98,2,0.22700001,-0.22700001,0.007,0.057000004,3.7364955,0,nan,0.0,4,1,16
486158024,1619012101600240,-339385869,188741707,126573,157880,0.18900001,0.6267682,0.76100004,0.98300004,0.63,1.04,98,2,0.289,-0.101,0.27100003,-0.007,2.6680768,0,nan,0.0,4,1,16
486358210,1619012101800240,-339385873,188741709,126550,157857,0.17600001,0.6267807,0.76100004,0.98300004,0.63,1.04,98,2,0.26900002,-0.245,-0.11100001,-0.095000006,2.6680768,0,nan,0.0,4,1,16
486558275,1619012102000240,-339385876,188741711,126572,157880,0.22800002,0.5094342,0.76100004,0.984,0.63,1.04,98,2,0.335,-0.13900001,0.30400002,-0.021000002,2.265698,0,nan,0.0,4,1,16
486758212,1619012102200240,-339385878,188741714,126559,157867,0.208,0.50944537,0.76100004,0.984,0.63,1.04,98,2,0.049000002,0.043,-0.024,0.014,2.265698,0,nan,0.0,4,1,16
486956002,1619012102400240,-339385878,188741713,126557,157865,0.186,0.5094553,0.76100004,0.984,0.63,1.04,98,2,0.085,-0.022000002,-0.082,-0.040000003,2.265698,0,nan,0.0,4,1,16
487155300,1619012102600240,-339385880,188741711,126547,157854,0.17500001,0.5094663,0.76000005,0.984,0.63,1.04,98,2,0.186,-0.13100001,-0.132,0.078,2.265698,0,nan,0.0,4,1,16
487355965,1619012102800240,-339385883,188741708,126537,157844,0.156,0.50948083,0.76000005,0.984,0.63,1.04,98,3,0.266,-0.18300001,-0.194,0.042000003,2.265698,0,nan,0.0,4,1,16
487555432,1619012103000240,-339385889,188741712,126546,157853,0.22900002,0.22164842,0.76000005,0.984,0.63,1.04,98,3,0.67700005,-0.467,0.49,-0.27100003,2.3218834,0,nan,0.0,4,1,16
487759013,1619012103200240,-339385893,188741722,126623,157930,0.18900001,0.5810225,0.75900006,0.984,0.63,1.04,98,3,0.377,0.046000004,0.37500003,-0.11000001,2.210901,0,nan,0.0,4,1,16
487957173,1619012103400240,-339385892,188741730,126644,157952,0.177,0.58103216,0.75900006,0.9850001,0.63,1.04,98,3,0.19500001,0.095000006,0.17,0.065000005,2.210901,0,nan,0.0,4,1,16
488153074,1619012103600240,-339385892,188741731,126621,157928,0.24000001,0.58104557,0.758,0.9850001,0.63,1.04,98,3,0.18400002,0.085,-0.164,0.22000001,2.210901,0,nan,0.0,4,1,16
488352986,1619012103800240,-339385889,188741727,126561,157869,0.26000002,0.38962695,0.758,0.98600006,0.63,1.04,98,3,0.41700003,0.356,-0.21700001,0.101,0.30759996,0,nan,0.0,4,1,16
488551131,1619012104000240,-339385885,188741724,126506,157814,0.23,0.77547365,0.758,0.98600006,0.63,1.04,98,3,0.21300001,0.19900002,-0.075,0.16600001,0.17315935,0,nan,0.0,4,1,16
488756987,1619012104200240,-339385883,188741724,126469,157777,0.23300001,0.7754819,0.758,0.98700005,0.63,1.04,98,3,0.098000005,0.098000005,-0.007,0.13800001,0.17315935,0,nan,0.0,4,1,16
489356184,1619012104800240,-339385880,188741719,126267,157574,0.27,0.6804913,0.758,0.98800004,0.63,1.04,98,3,0.102000006,-0.094000004,0.039,0.223,5.5698285,0,nan,0.0,4,1,16
489556974,1619012105000240,-339385881,188741721,126243,157551,0.25100002,0.6805014,0.758,0.989,0.63,1.04,98,3,0.08400001,-0.038000003,0.075,0.068,5.5698285,0,nan,0.0,4,1,16
489755493,1619012105200240,-339385882,188741724,126214,157521,0.24000001,0.68051296,0.75900006,0.99200004,0.65999997,1.13,98,3,0.264,-0.053000003,0.25800002,0.105000004,5.5698285,0,nan,0.0,4,1,15
489959966,1619012105400240,-339385884,188741727,126204,157512,0.25300002,0.68052304,0.76100004,0.99600005,0.65999997,1.13,98,3,0.186,-0.177,0.057000004,0.014,5.5698285,0,nan,0.0,4,1,15
490154086,1619012105600240,-339385885,188741732,126231,157539,0.21400002,0.61061424,0.76400006,1.0,0.65999997,1.13,98,3,0.40800002,0.09,0.39800003,-0.22500001,0.42810795,0,nan,0.0,4,1,15
490355331,1619012105800240,-339385885,188741734,126238,157546,0.252,0.61062557,0.76600003,1.003,0.65999997,1.13,98,5,0.18400002,-0.011000001,-0.18300001,-0.123,0.42810795,0,nan,0.0,4,1,15
490557960,1619012106000240,-339385886,188741734,126268,157575,0.24000001,0.7053767,0.767,1.006,0.65999997,1.13,98,5,0.279,-0.19100001,0.20300001,0.042000003,1.2413613,0,nan,0.0,4,1,15
490757058,1619012106200240,-339385887,188741737,126253,157561,0.19600001,0.7053844,0.768,1.0090001,0.63,1.04,98,5,0.134,0.108,0.079,-0.021000002,1.2413613,0,nan,0.0,4,1,16
490958399,1619012106400240,-339385887,188741740,126234,157541,0.18400002,0.7053915,0.76900005,1.0120001,0.63,1.04,98,5,0.124000005,0.07300001,0.101,-0.023000002,1.2413613,0,nan,0.0,4,1,16
491156580,1619012106600240,-339385887,188741741,126243,157550,0.22800002,0.7054003,0.77000004,1.013,0.63,1.04,98,5,0.14,-0.021000002,-0.13800001,-0.097,1.2413613,0,nan,0.0,4,1,16
491356662,1619012106800240,-339385888,188741740,126284,157591,0.24800001,0.70541006,0.771,1.016,0.63,1.04,98,4,0.068,-0.055000003,0.039,-0.23400001,1.2413613,0,nan,0.0,4,1,16
491556998,1619012107000240,-339385889,188741738,126307,157614,0.18400002,0.7054174,0.772,1.018,0.63,1.04,98,4,0.179,-0.060000002,-0.16900001,0.064,1.2413613,0,nan,0.0,4,1,16
491760480,1619012107200240,-339385889,188741738,126299,157606,0.24100001,0.70542675,0.77300006,1.0200001,0.63,1.04,98,4,0.076000005,0.011000001,0.075,0.054,1.2413613,0,nan,0.0,4,1,16
491961965,1619012107400240,-339385888,188741742,126298,157605,0.257,0.70544684,0.77500004,1.021,0.63,1.04,98,4,0.26900002,0.033,0.26700002,0.44300002,1.2413613,0,nan,0.0,4,1,16
492156516,1619012107600240,-339385889,188741748,126133,157441,0.264,0.7054795,0.776,1.023,0.63,1.04,98,4,0.117000006,-0.039,0.11000001,0.83000004,1.2413613,0,nan,0.0,4,1,16
492357204,1619012107800240,-339385891,188741749,125981,157289,0.261,0.7054945,0.776,1.023,0.65999997,1.06,98,4,0.157,-0.136,-0.078,0.351,1.2413613,0,nan,0.0,4,1,15
492557963,1619012108000240,-339385893,188741747,125977,157284,0.23500001,0.70550793,0.77500004,1.0220001,0.63,1.04,98,4,0.19100001,-0.044000003,-0.186,-0.29000002,1.2413613,0,nan,0.0,4,1,16
492758089,1619012108200240,-339385890,188741743,126149,157457,0.263,0.53746295,0.77500004,1.021,0.63,1.04,98,4,0.28800002,0.19600001,-0.21100001,-0.83400005,6.2179837,0,nan,0.0,4,1,16
492957170,1619012108400240,-339385887,188741739,126279,157587,0.26500002,0.7741418,0.776,1.023,0.63,1.04,98,4,0.23400001,0.18200001,-0.147,-0.791,6.019065,0,nan,0.0,4,1,16
493154057,1619012108600240,-339385886,188741738,126413,157720,0.23900001,0.77415913,0.77800006,1.024,0.63,1.04,98,4,0.163,-0.126,0.10300001,-0.45600003,6.019065,0,nan,0.0,4,1,16
493354078,1619012108800240,-339385887,188741734,126468,157776,0.26000002,0.45892578,0.77800006,1.026,0.65,1.05,98,9,0.43400002,0.117000006,-0.418,-0.22700001,5.2546024,0,nan,0.0,4,1,15
493556968,1619012109000240,-339385882,188741730,126542,157849,0.19500001,0.45894304,0.77900004,1.026,0.63,1.04,98,9,0.268,0.23,0.13800001,-0.11400001,5.2546024,0,nan,0.0,4,1,16
493760100,1619012109200240,-339385880,188741732,126581,157888,0.23200001,0.45895702,0.78000003,1.026,0.63,1.04,98,9,0.082,0.008,0.082,-0.120000005,5.2546024,0,nan,0.0,4,1,16
493954966,1619012109400240,-339385880,188741730,126607,157915,0.18200001,0.45896783,0.78000003,1.026,0.63,1.04,98,9,0.097,-0.041,-0.08800001,-0.027,5.2546024,0,nan,0.0,4,1,16
